dest_ip,dest_port,dest_country,metadata_file
154.85.58.149,80,United States,http.txt
47.56.110.204,8989,Hong Kong,http.txt
203.19.38.114,1080,China,http.txt
123.30.154.171,7777,Vietnam,http.txt
190.103.177.131,80,Argentina,http.txt
8.209.255.13,3128,Japan,http.txt
47.91.65.23,3128,Germany,http.txt
93.180.221.205,8080,Iraq,http.txt
175.139.233.79,80,Malaysia,http.txt
102.68.129.54,8080,Libya,http.txt
84.39.112.144,3128,Switzerland,http.txt
97.74.87.226,80,Singapore,http.txt
189.50.9.30,8080,Brazil,http.txt
103.131.18.58,8080,Indonesia,http.txt
152.228.154.20,80,France,http.txt
185.138.120.109,8080,Iraq,http.txt
103.166.158.33,8080,Indonesia,http.txt
188.132.221.21,8080,T�rkiye,http.txt
188.132.222.168,8080,T�rkiye,http.txt
47.176.240.250,4228,United States,http.txt
51.75.86.68,3128,France,http.txt
47.83.192.255,8888,United States,http.txt
62.33.53.248,3128,Russia,http.txt
115.124.75.57,8080,Indonesia,http.txt
103.132.54.233,8182,Indonesia,http.txt
41.203.84.134,8080,Nigeria,http.txt
103.180.122.116,9090,Indonesia,http.txt
203.177.237.153,8080,Philippines,http.txt
98.64.128.182,3128,The Netherlands,http.txt
122.52.109.3,8081,Philippines,http.txt
190.97.239.25,999,Venezuela,http.txt
200.35.50.89,3028,Colombia,http.txt
103.18.77.110,1111,Indonesia,http.txt
183.88.224.86,8080,Thailand,http.txt
191.97.68.42,8080,Argentina,http.txt
61.164.204.130,4999,China,http.txt
103.163.244.212,83,India,http.txt
151.237.86.78,8080,Bulgaria,http.txt
180.94.80.18,8080,Afghanistan,http.txt
8.217.124.178,49440,Hong Kong,http.txt
190.119.90.114,8080,Peru,http.txt
45.123.142.77,8181,Indonesia,http.txt
148.66.6.212,80,Hong Kong,http.txt
4.149.210.210,3128,United States,http.txt
201.150.119.171,999,Mexico,http.txt
101.255.150.58,8089,Indonesia,http.txt
71.14.218.2,8080,United States,http.txt
222.127.227.102,8082,Philippines,http.txt
168.228.44.66,999,Honduras,http.txt
170.78.210.123,999,Mexico,http.txt
45.191.7.250,8080,Argentina,http.txt
45.191.7.249,8080,Argentina,http.txt
103.67.85.146,3127,Indonesia,http.txt
38.65.172.81,999,Mexico,http.txt
177.234.217.42,999,Ecuador,http.txt
81.12.106.158,8080,Iran,http.txt
154.0.14.116,3128,South Africa,http.txt
38.156.74.242,8080,T�rkiye,http.txt
103.245.36.15,1111,Indonesia,http.txt
150.109.37.211,3128,Hong Kong,http.txt
77.238.103.98,8080,Russia,http.txt
157.15.144.63,8080,Indonesia,http.txt
72.10.160.173,32247,Canada,http.txt
110.76.145.22,92,Indonesia,http.txt
103.124.137.60,8755,Indonesia,http.txt
200.98.200.87,25000,Brazil,http.txt
210.87.125.58,1080,Indonesia,http.txt
103.125.116.114,8080,Indonesia,http.txt
168.227.40.126,9192,Brazil,http.txt
38.158.83.241,999,Peru,http.txt
8.213.151.128,3128,Singapore,http.txt
47.243.92.199,3128,Hong Kong,http.txt
91.200.163.190,8088,Russia,http.txt
47.91.104.88,3128,United Arab Emirates,http.txt
41.59.90.168,80,Tanzania,http.txt
41.59.90.175,80,Tanzania,http.txt
14.241.80.37,8080,Vietnam,http.txt
202.182.59.52,10001,Indonesia,http.txt
103.156.17.158,8818,Indonesia,http.txt
201.150.118.26,999,Mexico,http.txt
185.225.204.5,3128,Slovakia,http.txt
103.172.71.52,8080,Indonesia,http.txt
94.103.83.90,3128,Russia,http.txt
115.231.181.40,8128,China,http.txt
47.89.184.18,3128,United States,http.txt
185.191.236.162,3128,Switzerland,http.txt
61.143.225.39,6868,China,http.txt
103.156.16.245,8080,Indonesia,http.txt
103.156.16.233,8818,Indonesia,http.txt
103.132.52.32,8080,Indonesia,http.txt
103.36.11.119,8181,Indonesia,http.txt
89.213.106.253,999,Mexico,http.txt
43.224.171.232,1080,Indonesia,http.txt
164.163.74.97,999,Honduras,http.txt
152.167.226.43,999,Dominican Republic,http.txt
31.57.178.153,8090,Indonesia,http.txt
203.201.174.211,64321,Indonesia,http.txt
79.106.33.26,8079,Albania,http.txt
200.188.112.146,999,Mexico,http.txt
191.101.190.175,3127,Indonesia,http.txt
45.167.126.37,999,Colombia,http.txt
45.123.143.4,8080,Indonesia,http.txt
103.156.15.91,1111,Indonesia,http.txt
8.222.235.39,3128,Singapore,http.txt
5.102.109.41,999,Mexico,http.txt
103.126.87.160,8080,Indonesia,http.txt
203.172.225.227,8080,Thailand,http.txt
131.148.8.130,3128,United States,http.txt
176.126.196.10,3128,Spain,http.txt
200.76.28.204,999,Mexico,http.txt
177.231.162.11,999,Mexico,http.txt
103.230.81.134,8080,Indonesia,http.txt
8.217.147.173,8080,Hong Kong,http.txt
201.150.119.170,999,Mexico,http.txt
103.141.152.106,8989,Indonesia,http.txt
103.172.197.231,8080,Indonesia,http.txt
122.54.198.112,3128,Philippines,http.txt
101.255.32.42,8080,Indonesia,http.txt
103.193.144.81,8080,Indonesia,http.txt
181.205.161.187,999,Colombia,http.txt
165.90.64.216,8080,Mozambique,http.txt
179.189.118.26,8080,Brazil,http.txt
201.230.8.244,999,Peru,http.txt
38.123.220.79,999,Argentina,http.txt
103.165.231.43,8080,Indonesia,http.txt
103.249.19.75,2023,Indonesia,http.txt
160.25.245.5,8080,Indonesia,http.txt
103.171.245.101,1080,Indonesia,http.txt
38.172.128.232,999,Peru,http.txt
89.117.145.245,3128,United States,http.txt
119.93.164.163,8082,Philippines,http.txt
154.27.196.223,999,Mexico,http.txt
38.156.73.36,8085,T�rkiye,http.txt
77.75.95.14,80,Lebanon,http.txt
190.52.101.148,999,Venezuela,http.txt
45.12.150.82,8080,United States,http.txt
103.153.39.35,8083,Pakistan,http.txt
103.153.38.60,8083,Pakistan,http.txt
38.250.126.201,999,Chile,http.txt
91.103.120.55,80,Hong Kong,http.txt
138.199.233.152,80,Germany,http.txt
88.135.72.7,80,United States,http.txt
57.129.81.201,8080,France,http.txt
57.129.81.201,3128,France,http.txt
57.129.81.201,8081,France,http.txt
143.198.42.182,31280,Canada,http.txt
57.129.81.201,999,France,http.txt
38.51.235.216,999,Colombia,http.txt
36.93.193.143,8080,Indonesia,http.txt
45.172.1.4,800,Brazil,http.txt
185.133.213.86,8074,Myanmar,http.txt
103.155.168.90,8299,Indonesia,http.txt
170.239.241.30,31288,Brazil,http.txt
103.124.199.116,8080,Indonesia,http.txt
190.145.194.210,8080,Colombia,http.txt
180.211.177.206,58080,Bangladesh,http.txt
84.246.85.52,3128,The Netherlands,http.txt
45.136.198.40,3128,Bulgaria,http.txt
103.81.194.125,8080,Indonesia,http.txt
103.26.176.116,8080,Indonesia,http.txt
43.135.36.240,80,Hong Kong,http.txt
103.188.169.95,8080,Indonesia,http.txt
103.126.87.82,8080,Indonesia,http.txt
103.137.110.146,7777,Indonesia,http.txt
5.255.124.247,80,The Netherlands,http.txt
182.16.17.202,80,Hong Kong,http.txt
51.81.245.3,17981,United States,http.txt
103.81.194.162,8080,Indonesia,http.txt
115.144.57.140,15648,South Korea,http.txt
121.126.164.87,15648,South Korea,http.txt
103.166.158.99,8181,Indonesia,http.txt
198.23.143.74,80,United States,http.txt
103.247.240.34,8080,Indonesia,http.txt
181.78.74.174,999,Colombia,http.txt
49.254.234.102,15648,South Korea,http.txt
124.198.123.205,15648,South Korea,http.txt
49.254.52.182,15648,South Korea,http.txt
124.198.63.218,15648,South Korea,http.txt
114.9.26.182,8080,Indonesia,http.txt
154.236.191.44,1981,Egypt,http.txt
181.78.74.170,999,Colombia,http.txt
43.204.190.167,3128,India,http.txt
168.138.50.91,80,Japan,http.txt
222.228.171.92,8080,Japan,http.txt
45.234.117.239,3128,United States,http.txt
200.174.198.86,8888,Brazil,http.txt
190.104.37.36,999,Argentina,http.txt
121.126.164.83,15648,South Korea,http.txt
103.169.225.37,8080,Indonesia,http.txt
102.0.3.234,8083,Kenya,http.txt
101.128.94.233,8090,Indonesia,http.txt
102.209.148.3,8080,Ghana,http.txt
104.237.250.13,80,United States,http.txt
115.166.102.246,8080,Indonesia,http.txt
148.224.59.25,999,Mexico,http.txt
45.4.202.170,999,Ecuador,http.txt
172.104.33.222,3128,Singapore,http.txt
118.175.206.40,8080,Thailand,http.txt
79.253.206.196,8080,Germany,http.txt
109.123.238.230,14623,Singapore,http.txt
103.172.121.52,8083,Indonesia,http.txt
170.64.139.116,46005,Indonesia,http.txt
103.167.87.111,39108,Vietnam,http.txt
47.236.255.30,9876,Singapore,http.txt
103.178.3.153,8090,Indonesia,http.txt
103.160.12.96,6666,Indonesia,http.txt
182.253.109.138,8080,Indonesia,http.txt
185.234.65.66,1080,The Netherlands,http.txt
49.145.124.112,8082,Philippines,http.txt
98.191.238.177,80,United States,http.txt
52.1.60.16,3128,United States,http.txt
190.121.145.115,999,Colombia,http.txt
113.192.30.243,1111,Indonesia,http.txt
110.76.145.116,8090,Indonesia,http.txt
119.95.251.109,8080,Philippines,http.txt
124.198.123.204,15648,South Korea,http.txt
124.198.14.249,15648,South Korea,http.txt
179.60.53.45,999,Ecuador,http.txt
103.188.169.113,7777,Indonesia,http.txt
103.188.169.160,7777,Indonesia,http.txt
201.148.42.22,999,Mexico,http.txt
113.192.48.36,8090,Indonesia,http.txt
49.254.183.172,15648,South Korea,http.txt
67.43.228.253,30353,United States,http.txt
43.229.127.26,8080,Bhutan,http.txt
37.220.139.219,8080,Hungary,http.txt
128.199.23.21,3128,India,http.txt
157.66.16.63,8181,Indonesia,http.txt
45.174.176.161,8088,Brazil,http.txt
115.144.57.133,15648,South Korea,http.txt
163.61.47.10,1111,,http.txt
38.156.72.28,8080,T�rkiye,http.txt
192.81.129.252,3132,United States,http.txt
116.118.48.147,3128,Vietnam,http.txt
80.48.191.116,8080,Poland,http.txt
67.43.228.254,30015,Vietnam,http.txt
56.124.65.116,3128,Brazil,http.txt
69.160.10.78,8080,Myanmar,http.txt
18.139.167.166,80,Singapore,http.txt
163.61.55.11,8085,,http.txt
167.160.89.37,8080,United States,http.txt
13.212.95.135,8000,Singapore,http.txt
41.65.103.25,1981,Egypt,http.txt
43.205.113.39,3128,India,http.txt
27.54.117.165,4444,Indonesia,http.txt
103.178.87.50,8080,Indonesia,http.txt
115.144.57.137,15648,South Korea,http.txt
27.74.154.89,8080,Vietnam,http.txt
123.140.146.31,5031,South Korea,http.txt
180.191.20.31,8081,Philippines,http.txt
123.140.160.62,5031,South Korea,http.txt
123.140.160.80,5031,South Korea,http.txt
103.188.169.64,7777,Indonesia,http.txt
115.144.57.131,15648,South Korea,http.txt
115.144.57.132,15648,South Korea,http.txt
115.144.57.134,15648,South Korea,http.txt
115.144.57.135,15648,South Korea,http.txt
115.144.57.138,15648,South Korea,http.txt
115.144.57.139,15648,South Korea,http.txt
115.144.57.141,15648,South Korea,http.txt
115.144.57.142,15648,South Korea,http.txt
49.254.183.165,15648,South Korea,http.txt
49.254.183.166,15648,South Korea,http.txt
49.254.183.167,15648,South Korea,http.txt
49.254.183.168,15648,South Korea,http.txt
49.254.183.169,15648,South Korea,http.txt
49.254.183.170,15648,South Korea,http.txt
49.254.183.171,15648,South Korea,http.txt
49.254.183.173,15648,South Korea,http.txt
49.254.183.174,15648,South Korea,http.txt
124.198.123.195,15648,South Korea,http.txt
124.198.123.196,15648,South Korea,http.txt
124.198.123.197,15648,South Korea,http.txt
124.198.123.198,15648,South Korea,http.txt
124.198.123.199,15648,South Korea,http.txt
124.198.123.200,15648,South Korea,http.txt
124.198.123.201,15648,South Korea,http.txt
124.198.123.203,15648,South Korea,http.txt
124.198.123.206,15648,South Korea,http.txt
202.154.18.172,8082,Indonesia,http.txt
124.198.14.244,15648,South Korea,http.txt
124.198.14.245,15648,South Korea,http.txt
124.198.14.246,15648,South Korea,http.txt
124.198.14.247,15648,South Korea,http.txt
124.198.14.248,15648,South Korea,http.txt
124.198.14.250,15648,South Korea,http.txt
124.198.14.251,15648,South Korea,http.txt
124.198.14.252,15648,South Korea,http.txt
124.198.14.253,15648,South Korea,http.txt
49.254.234.103,15648,South Korea,http.txt
124.198.63.216,15648,South Korea,http.txt
115.144.121.199,15648,South Korea,http.txt
38.253.80.104,999,Peru,http.txt
124.198.63.214,15648,South Korea,http.txt
200.26.187.69,999,Dominican Republic,http.txt
119.245.50.82,8080,Japan,http.txt
103.114.96.246,8080,Bangladesh,http.txt
178.153.181.3,8080,Qatar,http.txt
14.226.193.116,8080,Vietnam,http.txt
103.154.77.23,8080,Indonesia,http.txt
170.233.228.202,8080,Brazil,http.txt
191.81.255.24,8080,Argentina,http.txt
190.61.45.92,999,Colombia,http.txt
91.103.120.40,80,Hong Kong,http.txt
113.53.188.110,8080,Thailand,http.txt
58.136.170.232,8080,Thailand,http.txt
66.201.5.31,3128,United States,http.txt
115.72.10.180,10003,Vietnam,http.txt
115.72.10.180,10010,Vietnam,http.txt
115.72.10.180,10001,Vietnam,http.txt
116.108.112.8,10010,Vietnam,http.txt
115.74.1.226,10008,Vietnam,http.txt
115.72.36.56,10008,Vietnam,http.txt
202.58.77.73,8181,Indonesia,http.txt
115.72.174.216,10001,Vietnam,http.txt
160.30.44.141,10002,Vietnam,http.txt
115.72.167.220,10001,Vietnam,http.txt
115.72.174.216,10008,Vietnam,http.txt
115.72.167.220,10005,Vietnam,http.txt
115.72.36.56,10003,Vietnam,http.txt
185.139.56.133,4145,Georgia,socks4.txt
72.49.49.11,31034,United States,socks4.txt
72.195.114.184,4145,United States,socks4.txt
72.195.34.58,4145,United States,socks4.txt
98.170.57.231,4145,United States,socks4.txt
184.181.217.210,4145,United States,socks4.txt
70.60.132.130,5678,United States,socks4.txt
83.218.186.22,5678,Austria,socks4.txt
109.69.0.179,5678,Albania,socks4.txt
184.178.172.3,4145,United States,socks4.txt
184.178.172.11,4145,United States,socks4.txt
184.181.217.201,4145,United States,socks4.txt
184.181.217.194,4145,United States,socks4.txt
184.178.172.28,15294,United States,socks4.txt
184.178.172.23,4145,United States,socks4.txt
184.185.2.12,4145,United States,socks4.txt
192.252.216.81,4145,United States,socks4.txt
98.181.137.80,4145,United States,socks4.txt
184.170.245.148,4145,United States,socks4.txt
184.170.249.65,4145,United States,socks4.txt
185.186.17.57,5678,Poland,socks4.txt
181.115.75.102,5678,Honduras,socks4.txt
185.79.243.153,38431,Poland,socks4.txt
201.46.29.115,5678,Brazil,socks4.txt
103.200.135.230,4145,Myanmar,socks4.txt
193.105.62.11,58973,Ukraine,socks4.txt
46.214.153.223,5678,Romania,socks4.txt
190.104.26.227,33638,Bolivia,socks4.txt
84.2.239.42,4153,Hungary,socks4.txt
91.200.115.49,1080,Ukraine,socks4.txt
103.174.236.98,8080,Indonesia,socks4.txt
177.101.135.89,5678,Brazil,socks4.txt
187.103.74.137,5678,Brazil,socks4.txt
103.120.202.53,5678,Bangladesh,socks4.txt
110.77.145.159,4145,Thailand,socks4.txt
183.89.250.246,1080,Thailand,socks4.txt
138.186.222.129,5678,Brazil,socks4.txt
80.92.224.141,5678,Ukraine,socks4.txt
80.78.64.70,4145,Albania,socks4.txt
36.89.56.127,5678,Indonesia,socks4.txt
175.139.201.193,4153,Malaysia,socks4.txt
201.174.239.28,4153,Mexico,socks4.txt
34.124.190.108,8080,Sweden,socks4.txt
170.78.211.161,1080,Mexico,socks4.txt
111.90.169.178,5678,India,socks4.txt
116.197.129.170,4145,Indonesia,socks4.txt
46.105.105.223,18579,France,socks4.txt
46.105.105.223,51869,France,socks4.txt
181.48.217.158,5678,Colombia,socks4.txt
170.245.248.45,60606,Brazil,socks4.txt
98.191.0.37,4145,United States,socks4.txt
154.73.45.58,60606,Somalia,socks4.txt
200.215.160.210,5678,Brazil,socks4.txt
177.55.191.22,60606,Brazil,socks4.txt
82.223.165.28,5527,Spain,socks4.txt
98.170.57.241,4145,United States,socks4.txt
187.19.127.246,8011,Brazil,socks4.txt
109.86.228.165,5678,Ukraine,socks4.txt
163.172.185.252,16379,Ukraine,socks4.txt
208.65.90.21,4145,United States,socks4.txt
103.14.251.16,4153,Cambodia,socks4.txt
45.166.26.81,53695,Brazil,socks4.txt
122.248.46.26,4145,Indonesia,socks4.txt
115.85.74.114,5678,Indonesia,socks4.txt
187.102.16.66,51327,Brazil,socks4.txt
183.88.240.53,4145,Thailand,socks4.txt
203.188.245.98,52837,Bangladesh,socks4.txt
36.95.189.165,5678,Indonesia,socks4.txt
185.195.129.116,4153,Italy,socks4.txt
170.150.154.98,5678,Argentina,socks4.txt
208.65.90.3,4145,United States,socks4.txt
45.128.133.65,1080,Italy,socks4.txt
192.252.209.158,4145,United States,socks4.txt
192.111.129.150,4145,Canada,socks4.txt
154.66.108.52,3629,Lesotho,socks4.txt
202.79.47.194,1080,Nepal,socks4.txt
72.205.0.67,4145,United States,socks4.txt
212.47.249.156,16379,United States,socks4.txt
212.47.227.134,16379,United States,socks4.txt
192.252.220.89,4145,United States,socks4.txt
199.102.106.94,4145,United States,socks4.txt
142.54.237.34,4145,United States,socks4.txt
68.71.247.130,4145,United States,socks4.txt
142.54.236.97,4145,United States,socks4.txt
68.71.240.210,4145,United States,socks4.txt
80.58.149.246,4145,Spain,socks4.txt
163.172.132.115,16379,Ukraine,socks4.txt
46.105.105.223,15640,France,socks4.txt
51.210.111.216,33123,France,socks4.txt
168.194.226.178,4153,Brazil,socks4.txt
78.46.225.37,19051,United States,socks4.txt
51.75.126.150,54612,France,socks4.txt
51.210.111.216,47878,France,socks4.txt
51.210.111.216,26732,France,socks4.txt
51.210.111.216,56241,France,socks4.txt
51.210.111.216,29733,France,socks4.txt
182.253.40.33,4153,Indonesia,socks4.txt
200.30.165.2,60606,Nicaragua,socks4.txt
51.210.111.216,11926,France,socks4.txt
51.75.126.150,6424,France,socks4.txt
172.233.14.116,1080,Brazil,socks4.txt
83.234.147.166,6363,Russia,socks4.txt
46.105.105.223,50160,France,socks4.txt
186.10.102.218,5678,Chile,socks4.txt
94.181.33.149,40840,Russia,socks4.txt
36.37.189.64,5678,Cambodia,socks4.txt
86.110.189.154,4145,Russia,socks4.txt
95.31.42.199,3629,Russia,socks4.txt
103.225.221.18,5678,Pakistan,socks4.txt
192.95.33.162,44012,Canada,socks4.txt
192.95.33.162,51374,Canada,socks4.txt
46.105.105.223,43853,France,socks4.txt
192.95.33.162,15735,Canada,socks4.txt
103.40.122.194,1080,Indonesia,socks4.txt
202.179.88.233,51951,India,socks4.txt
103.83.252.61,1080,India,socks4.txt
14.97.132.226,5678,India,socks4.txt
203.160.61.104,4145,Indonesia,socks4.txt
178.236.112.175,5678,Spain,socks4.txt
27.254.67.114,50729,Thailand,socks4.txt
211.174.99.161,4153,South Korea,socks4.txt
218.24.16.198,36180,China,socks4.txt
173.249.28.218,47525,Germany,socks4.txt
177.132.188.44,4153,Brazil,socks4.txt
213.210.67.186,3629,Russia,socks4.txt
203.205.34.58,5678,Vietnam,socks4.txt
189.39.118.210,5678,Brazil,socks4.txt
192.95.33.162,36749,Canada,socks4.txt
192.95.33.162,38793,Canada,socks4.txt
136.228.160.250,5678,Myanmar,socks4.txt
82.223.165.28,38245,Spain,socks4.txt
82.223.165.28,13238,Spain,socks4.txt
200.27.110.30,57702,Chile,socks4.txt
45.128.133.225,1080,Italy,socks4.txt
51.158.117.213,16379,Sweden,socks4.txt
31.13.239.4,5678,Bulgaria,socks4.txt
109.123.254.43,22963,Germany,socks4.txt
51.158.113.139,16379,Germany,socks4.txt
46.105.105.223,41448,France,socks4.txt
196.0.87.98,5678,Uganda,socks4.txt
91.121.173.38,62630,France,socks4.txt
192.95.33.162,8296,Canada,socks4.txt
202.79.35.143,4153,Nepal,socks4.txt
103.69.20.131,10888,India,socks4.txt
45.117.29.129,10888,India,socks4.txt
45.117.29.137,10888,India,socks4.txt
212.50.19.150,4153,Bulgaria,socks4.txt
8.39.228.25,39593,United States,socks4.txt
190.104.8.142,14888,Bolivia,socks4.txt
49.229.42.18,4153,Thailand,socks4.txt
51.75.126.150,9676,France,socks4.txt
51.75.126.150,9532,France,socks4.txt
103.80.210.116,5678,Mongolia,socks4.txt
92.114.157.221,4145,Moldova,socks4.txt
213.21.53.119,4153,Russia,socks4.txt
192.95.33.162,55106,Canada,socks4.txt
54.36.176.100,26045,France,socks4.txt
51.75.126.150,12202,France,socks4.txt
212.47.248.107,16379,United States,socks4.txt
90.182.147.170,4145,Czechia,socks4.txt
118.70.206.161,60606,Vietnam,socks4.txt
54.36.176.100,48169,France,socks4.txt
51.75.126.150,15816,France,socks4.txt
188.113.168.37,3629,Russia,socks4.txt
192.95.33.162,36308,Canada,socks4.txt
187.94.84.130,4153,Brazil,socks4.txt
51.75.126.150,3639,France,socks4.txt
217.219.162.114,5678,Iran,socks4.txt
181.205.203.202,4153,Colombia,socks4.txt
72.207.109.5,4145,United States,socks4.txt
192.95.33.162,31572,Canada,socks4.txt
192.95.33.162,2887,Canada,socks4.txt
177.68.149.141,1080,Brazil,socks4.txt
202.51.179.105,3629,Bangladesh,socks4.txt
105.209.147.168,5678,South Africa,socks4.txt
82.223.165.28,44432,Spain,socks4.txt
94.232.11.178,58028,Russia,socks4.txt
82.223.165.28,9526,Spain,socks4.txt
82.223.165.28,8352,Spain,socks4.txt
103.102.13.107,8080,Indonesia,socks4.txt
91.223.52.141,5678,Poland,socks4.txt
172.104.164.41,1080,Singapore,socks4.txt
185.32.4.110,4153,Poland,socks4.txt
27.147.137.90,2005,Bangladesh,socks4.txt
58.27.203.108,5678,Pakistan,socks4.txt
80.78.73.148,65530,Albania,socks4.txt
165.0.100.149,5678,South Africa,socks4.txt
37.52.13.164,5678,Ukraine,socks4.txt
182.160.124.214,1080,Bangladesh,socks4.txt
98.190.239.3,4145,United States,socks4.txt
184.170.251.30,11288,United States,socks4.txt
103.158.253.4,12,Indonesia,socks4.txt
103.132.92.110,1080,Bangladesh,socks4.txt
103.182.240.75,1080,Indonesia,socks4.txt
109.106.196.250,4145,Russia,socks4.txt
122.116.29.68,4145,Taiwan,socks4.txt
83.56.15.57,5678,Spain,socks4.txt
125.228.94.199,4145,Taiwan,socks4.txt
112.78.39.94,4153,Indonesia,socks4.txt
134.199.159.23,1080,United States,socks4.txt
192.95.33.162,29981,Canada,socks4.txt
192.95.33.162,29006,Canada,socks4.txt
78.108.245.211,4145,Bulgaria,socks4.txt
192.95.33.162,64840,Canada,socks4.txt
62.60.233.252,1080,Germany,socks4.txt
81.18.90.43,4153,Romania,socks4.txt
198.177.252.24,4145,United States,socks4.txt
198.177.254.131,4145,United States,socks4.txt
198.177.254.157,4145,United States,socks4.txt
145.239.5.238,20015,United Kingdom,socks4.txt
94.136.190.22,8080,India,socks4.txt
103.68.212.34,8080,Indonesia,socks4.txt
203.189.159.241,1080,Cambodia,socks4.txt
24.76.21.10,5678,Canada,socks4.txt
198.177.253.13,4145,United States,socks4.txt
202.40.182.158,1080,Bangladesh,socks4.txt
114.32.176.158,4145,Taiwan,socks4.txt
177.38.245.110,55713,Brazil,socks4.txt
46.98.184.203,5678,Ukraine,socks4.txt
123.201.140.154,5678,India,socks4.txt
181.78.23.170,4153,Colombia,socks4.txt
175.6.130.18,9292,China,socks4.txt
37.187.25.112,17617,France,socks4.txt
103.254.57.227,48293,India,socks4.txt
185.95.186.165,48293,Iraq,socks4.txt
20.56.188.90,9150,France,socks4.txt
202.141.161.52,7891,China,socks4.txt
190.53.46.11,45535,Nicaragua,socks4.txt
184.149.25.55,5678,Canada,socks4.txt
170.244.0.179,4145,Brazil,socks4.txt
190.211.161.212,32410,Chile,socks4.txt
36.67.205.183,5678,Indonesia,socks4.txt
190.228.33.44,1085,Argentina,socks4.txt
27.75.158.57,1080,Vietnam,socks4.txt
116.106.105.69,1080,Vietnam,socks4.txt
183.237.2.243,1080,China,socks4.txt
105.214.12.182,5678,South Africa,socks4.txt
113.11.183.110,4145,Indonesia,socks4.txt
103.81.194.166,7777,Indonesia,socks4.txt
5.161.104.22,8888,United States,https.txt
5.161.70.13,8888,United States,https.txt
134.209.108.22,8888,Singapore,https.txt
134.209.108.84,8888,Singapore,https.txt
134.209.108.165,8888,Singapore,https.txt
134.209.108.167,8888,Singapore,https.txt
84.17.47.150,9002,The Netherlands,https.txt
84.17.47.149,9002,The Netherlands,https.txt
84.17.47.148,9002,The Netherlands,https.txt
84.17.47.147,9002,The Netherlands,https.txt
84.17.47.146,9002,The Netherlands,https.txt
84.17.47.126,9002,The Netherlands,https.txt
84.17.47.125,9002,The Netherlands,https.txt
84.17.47.124,9002,The Netherlands,https.txt
178.128.221.182,8888,Singapore,https.txt
5.161.155.198,8888,United States,https.txt
134.209.99.88,8888,Singapore,https.txt
155.138.144.61,8888,Canada,https.txt
155.138.149.154,8888,Canada,https.txt
155.138.151.230,8888,Canada,https.txt
5.161.98.16,8888,United States,https.txt
155.138.130.128,8888,Canada,https.txt
155.138.159.63,8888,Canada,https.txt
193.176.84.16,9002,Romania,https.txt
193.176.84.19,9002,Romania,https.txt
193.176.84.20,9002,Romania,https.txt
193.176.84.21,9002,Romania,https.txt
193.176.84.22,9002,Romania,https.txt
193.176.84.23,9002,Romania,https.txt
45.77.187.120,8888,United States,https.txt
65.108.150.56,8443,Finland,https.txt
68.183.143.134,443,United States,https.txt
102.223.20.217,443,Ghana,https.txt
194.67.91.153,443,Russia,https.txt
143.110.232.177,443,United States,https.txt
129.151.160.199,443,South Africa,https.txt
197.243.20.178,443,Rwanda,https.txt
202.61.204.51,443,Germany,https.txt
91.121.88.53,443,France,https.txt
31.28.4.192,443,Russia,https.txt
167.99.124.118,443,United States,https.txt
4.188.236.47,443,India,https.txt
78.28.152.111,443,Bosnia and Herzegovina,https.txt
95.179.197.240,8888,United Kingdom,https.txt
34.122.187.196,443,United States,https.txt
103.37.111.253,10086,Japan,https.txt
78.28.152.113,443,Bosnia and Herzegovina,https.txt
206.81.26.113,443,Germany,https.txt
23.88.59.163,443,Germany,https.txt
95.179.232.127,8888,United Kingdom,https.txt
51.38.191.151,443,France,https.txt
147.182.180.242,443,United States,https.txt
154.65.39.7,443,Senegal,https.txt
154.65.39.8,443,Senegal,https.txt
103.37.111.253,10089,Japan,https.txt
207.178.166.187,443,United States,https.txt
103.179.190.121,443,Vietnam,https.txt
116.203.117.22,443,Germany,https.txt
65.108.104.111,443,Finland,https.txt
167.172.78.155,8888,Singapore,https.txt
78.141.193.27,8888,United Kingdom,https.txt
184.168.123.21,443,Singapore,https.txt
128.199.207.200,443,Singapore,https.txt
144.91.90.109,443,Germany,https.txt
45.114.142.178,443,India,https.txt
34.68.168.129,443,United States,https.txt
195.114.209.50,443,Spain,https.txt
138.199.35.215,9002,United States,https.txt
138.199.35.214,9002,United States,https.txt
138.199.35.213,9002,United States,https.txt
138.199.35.212,9002,United States,https.txt
138.199.35.208,9002,United States,https.txt
138.199.35.205,9002,United States,https.txt
138.199.35.204,9002,United States,https.txt
138.199.35.203,9002,United States,https.txt
138.199.35.201,9002,United States,https.txt
138.199.35.200,9002,United States,https.txt
138.199.35.198,9002,United States,https.txt
138.199.35.197,9002,United States,https.txt
138.199.35.196,9002,United States,https.txt
138.199.35.195,9002,United States,https.txt
143.198.206.72,8888,Singapore,https.txt
192.53.114.26,443,Singapore,https.txt
45.92.108.112,443,Switzerland,https.txt
193.176.84.24,9002,Romania,https.txt
193.176.84.32,9002,Romania,https.txt
193.176.84.34,9002,Romania,https.txt
193.176.84.35,9002,Romania,https.txt
193.176.84.37,9002,Romania,https.txt
193.176.84.39,9002,Romania,https.txt
193.176.84.40,9002,Romania,https.txt
89.117.55.119,443,Germany,https.txt
193.176.84.9,9002,Romania,https.txt
193.176.84.10,9002,Romania,https.txt
193.176.84.11,9002,Romania,https.txt
193.176.84.12,9002,Romania,https.txt
138.199.35.199,9002,United States,https.txt
138.199.35.217,9002,United States,https.txt
167.71.166.28,8443,United States,https.txt
57.129.1.214,443,Germany,https.txt
205.178.136.34,8443,United States,https.txt
156.146.59.28,9002,United States,https.txt
156.146.59.29,9002,United States,https.txt
156.146.59.50,9002,United States,https.txt
217.69.241.186,443,Germany,https.txt
162.243.95.8,443,United States,https.txt
188.165.213.106,443,France,https.txt
116.203.49.36,443,Germany,https.txt
80.151.202.204,443,Germany,https.txt
84.239.49.164,9002,Romania,https.txt
87.249.132.143,9002,Germany,https.txt
87.249.132.150,9002,Germany,https.txt
87.249.132.136,9002,Germany,https.txt
156.146.59.8,9002,United States,https.txt
156.146.59.13,9002,United States,https.txt
87.249.132.135,9002,Germany,https.txt
156.146.59.2,9002,United States,https.txt
156.146.59.3,9002,United States,https.txt
156.146.59.4,9002,United States,https.txt
156.146.59.5,9002,United States,https.txt
156.146.59.6,9002,United States,https.txt
156.146.59.7,9002,United States,https.txt
156.146.59.9,9002,United States,https.txt
156.146.59.10,9002,United States,https.txt
84.239.49.37,9002,Romania,https.txt
84.239.49.38,9002,Romania,https.txt
84.239.49.39,9002,Romania,https.txt
156.146.59.11,9002,United States,https.txt
84.239.49.40,9002,Romania,https.txt
84.239.49.41,9002,Romania,https.txt
84.239.49.43,9002,Romania,https.txt
84.239.49.44,9002,Romania,https.txt
84.239.49.45,9002,Romania,https.txt
84.239.49.46,9002,Romania,https.txt
84.239.49.47,9002,Romania,https.txt
84.239.49.48,9002,Romania,https.txt
84.239.49.49,9002,Romania,https.txt
84.239.49.50,9002,Romania,https.txt
156.146.59.12,9002,United States,https.txt
84.239.49.51,9002,Romania,https.txt
156.146.59.14,9002,United States,https.txt
156.146.59.15,9002,United States,https.txt
156.146.59.16,9002,United States,https.txt
156.146.59.17,9002,United States,https.txt
156.146.59.18,9002,United States,https.txt
156.146.59.19,9002,United States,https.txt
156.146.59.20,9002,United States,https.txt
84.239.49.157,9002,Romania,https.txt
84.239.49.161,9002,Romania,https.txt
84.239.49.169,9002,Romania,https.txt
84.239.49.200,9002,Romania,https.txt
84.239.49.204,9002,Romania,https.txt
84.239.49.209,9002,Romania,https.txt
84.239.49.218,9002,Romania,https.txt
84.239.49.220,9002,Romania,https.txt
84.239.49.229,9002,Romania,https.txt
84.239.49.231,9002,Romania,https.txt
84.239.49.244,9002,Romania,https.txt
84.239.49.246,9002,Romania,https.txt
84.239.49.247,9002,Romania,https.txt
84.239.49.248,9002,Romania,https.txt
84.239.49.249,9002,Romania,https.txt
84.239.49.250,9002,Romania,https.txt
84.239.49.251,9002,Romania,https.txt
84.239.49.253,9002,Romania,https.txt
84.239.49.254,9002,Romania,https.txt
87.249.132.130,9002,Germany,https.txt
87.249.132.131,9002,Germany,https.txt
87.249.132.132,9002,Germany,https.txt
87.249.132.133,9002,Germany,https.txt
87.249.132.134,9002,Germany,https.txt
87.249.132.137,9002,Germany,https.txt
87.249.132.138,9002,Germany,https.txt
87.249.132.139,9002,Germany,https.txt
87.249.132.140,9002,Germany,https.txt
87.249.132.141,9002,Germany,https.txt
87.249.132.142,9002,Germany,https.txt
87.249.132.144,9002,Germany,https.txt
87.249.132.145,9002,Germany,https.txt
87.249.132.146,9002,Germany,https.txt
87.249.132.147,9002,Germany,https.txt
87.249.132.148,9002,Germany,https.txt
87.249.132.149,9002,Germany,https.txt
87.249.132.151,9002,Germany,https.txt
87.249.132.152,9002,Germany,https.txt
87.249.132.153,9002,Germany,https.txt
87.249.132.154,9002,Germany,https.txt
87.249.132.155,9002,Germany,https.txt
87.249.132.156,9002,Germany,https.txt
87.249.132.157,9002,Germany,https.txt
84.239.14.176,9002,Romania,https.txt
84.239.14.160,9002,Romania,https.txt
84.239.14.146,9002,Romania,https.txt
84.239.14.147,9002,Romania,https.txt
84.239.14.148,9002,Romania,https.txt
84.239.14.149,9002,Romania,https.txt
84.239.14.150,9002,Romania,https.txt
84.239.14.151,9002,Romania,https.txt
84.239.14.152,9002,Romania,https.txt
84.239.14.153,9002,Romania,https.txt
84.239.14.154,9002,Romania,https.txt
84.239.14.155,9002,Romania,https.txt
84.239.14.156,9002,Romania,https.txt
84.239.14.157,9002,Romania,https.txt
84.239.14.158,9002,Romania,https.txt
84.239.14.159,9002,Romania,https.txt
84.239.14.162,9002,Romania,https.txt
84.239.14.163,9002,Romania,https.txt
84.239.14.164,9002,Romania,https.txt
84.239.14.165,9002,Romania,https.txt
84.239.14.166,9002,Romania,https.txt
84.239.14.167,9002,Romania,https.txt
84.239.14.168,9002,Romania,https.txt
84.239.14.169,9002,Romania,https.txt
84.239.14.170,9002,Romania,https.txt
84.239.14.171,9002,Romania,https.txt
84.239.14.172,9002,Romania,https.txt
84.239.14.173,9002,Romania,https.txt
84.239.14.174,9002,Romania,https.txt
84.239.14.175,9002,Romania,https.txt
202.51.68.205,443,Nepal,https.txt
51.254.213.34,443,France,https.txt
51.195.137.60,443,United Kingdom,https.txt
156.232.10.14,3128,United States,https.txt
51.79.173.71,443,Singapore,https.txt
62.138.18.91,443,France,https.txt
149.202.91.219,443,France,https.txt
102.130.125.86,443,South Africa,https.txt
130.180.208.145,443,France,https.txt
68.208.221.179,443,United States,https.txt
79.174.12.190,443,Russia,https.txt
159.65.244.233,443,United States,https.txt
20.205.138.223,443,Hong Kong,https.txt
156.146.59.49,9002,United States,https.txt
84.239.49.154,9002,Romania,https.txt
84.239.49.191,9002,Romania,https.txt
84.239.49.238,9002,Romania,https.txt
193.176.84.7,9002,Romania,https.txt
156.146.59.41,9002,United States,https.txt
84.239.49.180,9002,Romania,https.txt
84.239.49.245,9002,Romania,https.txt
84.239.49.55,9002,Romania,https.txt
84.239.49.199,9002,Romania,https.txt
138.199.35.207,9002,United States,https.txt
84.239.49.242,9002,Romania,https.txt
84.239.49.178,9002,Romania,https.txt
193.176.84.36,9002,Romania,https.txt
84.239.49.166,9002,Romania,https.txt
138.199.35.220,9002,United States,https.txt
84.239.49.243,9002,Romania,https.txt
84.239.49.211,9002,Romania,https.txt
84.239.49.170,9002,Romania,https.txt
84.239.49.62,9002,Romania,https.txt
193.176.84.3,9002,Romania,https.txt
5.189.154.210,443,Germany,https.txt
84.239.49.60,9002,Romania,https.txt
151.115.78.51,443,Poland,https.txt
84.239.49.219,9002,Romania,https.txt
138.199.35.216,9002,United States,https.txt
193.176.84.29,9002,Romania,https.txt
193.176.84.8,9002,Romania,https.txt
84.239.49.165,9002,Romania,https.txt
84.239.49.230,9002,Romania,https.txt
138.199.35.218,9002,United States,https.txt
193.176.84.33,9002,Romania,https.txt
138.199.35.202,9002,United States,https.txt
84.239.49.162,9002,Romania,https.txt
84.239.49.167,9002,Romania,https.txt
84.239.49.163,9002,Romania,https.txt
193.176.84.14,9002,Romania,https.txt
84.239.49.224,9002,Romania,https.txt
84.17.47.123,9002,The Netherlands,https.txt
84.239.49.188,9002,Romania,https.txt
156.146.59.34,9002,United States,https.txt
84.239.49.160,9002,Romania,https.txt
156.146.59.22,9002,United States,https.txt
156.146.59.27,9002,United States,https.txt
84.239.49.214,9002,Romania,https.txt
37.9.171.157,443,Slovakia,https.txt
138.199.36.163,9002,Germany,https.txt
84.239.49.232,9002,Romania,https.txt
84.239.49.233,9002,Romania,https.txt
156.146.59.23,9002,United States,https.txt
193.176.84.30,9002,Romania,https.txt
84.239.49.175,9002,Romania,https.txt
84.239.49.186,9002,Romania,https.txt
156.146.59.39,9002,United States,https.txt
84.239.49.172,9002,Romania,https.txt
84.239.49.177,9002,Romania,https.txt
138.199.36.159,9002,Germany,https.txt
84.239.49.173,9002,Romania,https.txt
84.239.49.201,9002,Romania,https.txt
156.146.59.25,9002,United States,https.txt
156.146.59.31,9002,United States,https.txt
84.239.49.61,9002,Romania,https.txt
84.239.49.221,9002,Romania,https.txt
84.239.49.235,9002,Romania,https.txt
84.239.49.240,9002,Romania,https.txt
84.239.49.194,9002,Romania,https.txt
84.239.49.185,9002,Romania,https.txt
69.160.109.210,4444,Jamaica,https.txt
193.176.84.6,9002,Romania,https.txt
84.239.49.159,9002,Romania,https.txt
84.239.49.59,9002,Romania,https.txt
84.239.49.236,9002,Romania,https.txt
156.146.59.44,9002,United States,https.txt
193.176.84.4,9002,Romania,https.txt
84.239.49.183,9002,Romania,https.txt
84.239.49.168,9002,Romania,https.txt
84.239.49.176,9002,Romania,https.txt
193.176.84.38,9002,Romania,https.txt
84.239.49.182,9002,Romania,https.txt
138.199.35.219,9002,United States,https.txt
84.239.49.187,9002,Romania,https.txt
84.239.49.56,9002,Romania,https.txt
84.239.49.202,9002,Romania,https.txt
156.146.59.32,9002,United States,https.txt
156.146.59.37,9002,United States,https.txt
84.239.49.207,9002,Romania,https.txt
84.239.49.227,9002,Romania,https.txt
84.239.49.179,9002,Romania,https.txt
84.239.49.222,9002,Romania,https.txt
138.199.35.206,9002,United States,https.txt
193.176.84.17,9002,Romania,https.txt
193.176.84.13,9002,Romania,https.txt
138.199.36.162,9002,Germany,https.txt
84.239.49.223,9002,Romania,https.txt
84.239.49.210,9002,Romania,https.txt
84.239.49.171,9002,Romania,https.txt
156.146.59.33,9002,United States,https.txt
138.199.35.211,9002,United States,https.txt
84.239.49.203,9002,Romania,https.txt
84.239.49.252,9002,Romania,https.txt
156.146.59.48,9002,United States,https.txt
84.239.49.239,9002,Romania,https.txt
84.239.49.54,9002,Romania,https.txt
84.239.49.156,9002,Romania,https.txt
84.239.49.205,9002,Romania,https.txt
156.146.59.21,9002,United States,https.txt
156.146.59.35,9002,United States,https.txt
84.239.49.198,9002,Romania,https.txt
84.239.49.225,9002,Romania,https.txt
138.199.36.161,9002,Germany,https.txt
84.239.49.155,9002,Romania,https.txt
156.146.59.40,9002,United States,https.txt
84.239.49.181,9002,Romania,https.txt
84.239.49.226,9002,Romania,https.txt
84.239.49.190,9002,Romania,https.txt
156.146.59.36,9002,United States,https.txt
84.239.49.206,9002,Romania,https.txt
84.239.49.189,9002,Romania,https.txt
138.201.47.105,8443,Germany,https.txt
84.239.49.53,9002,Romania,https.txt
84.239.49.228,9002,Romania,https.txt
138.199.35.209,9002,United States,https.txt
193.176.84.26,9002,Romania,https.txt
185.141.63.101,443,Cyprus,https.txt
84.239.49.213,9002,Romania,https.txt
84.239.49.234,9002,Romania,https.txt
84.239.49.217,9002,Romania,https.txt
47.88.35.91,3128,United States,https.txt
147.45.104.252,443,Russia,https.txt
46.246.96.14,443,Sweden,https.txt
51.83.190.248,443,Poland,https.txt
212.118.37.238,443,The Netherlands,https.txt
149.126.16.38,443,Russia,https.txt
159.65.189.245,8888,United States,https.txt
68.183.62.98,8888,United States,https.txt
91.222.238.112,443,Russia,https.txt
143.198.22.162,8888,United States,https.txt
143.198.22.113,8888,United States,https.txt
13.66.206.110,443,United States,https.txt
40.113.199.101,443,United States,https.txt
52.184.228.103,443,United States,https.txt
40.122.106.245,443,United States,https.txt
13.77.70.244,443,United States,https.txt
5.189.184.6,443,Germany,https.txt
188.166.90.39,8888,The Netherlands,https.txt
188.166.87.45,8888,The Netherlands,https.txt
188.166.82.32,8888,The Netherlands,https.txt
46.246.96.14,143,Sweden,https.txt
159.65.245.255,443,United States,https.txt
154.26.139.232,443,Singapore,https.txt
154.90.48.76,443,Indonesia,https.txt
72.167.140.229,443,United States,https.txt
45.32.144.46,8888,France,https.txt
51.158.253.115,443,France,https.txt
51.158.253.130,443,France,https.txt
51.158.253.120,443,France,https.txt
51.158.253.113,443,France,https.txt
216.128.177.20,8888,Canada,https.txt
146.190.178.108,443,Germany,https.txt
45.32.145.238,8888,France,https.txt
209.97.153.210,8888,United States,https.txt
209.97.153.149,8888,United States,https.txt
209.97.153.60,8888,United States,https.txt
51.158.253.153,443,France,https.txt
51.158.253.152,443,France,https.txt
156.146.59.46,9002,United States,https.txt
84.239.49.42,9002,Romania,https.txt
156.146.59.42,9002,United States,https.txt
84.239.49.57,9002,Romania,https.txt
84.239.49.58,9002,Romania,https.txt
84.239.49.158,9002,Romania,https.txt
84.239.49.184,9002,Romania,https.txt
84.239.49.192,9002,Romania,https.txt
84.239.49.193,9002,Romania,https.txt
84.239.49.196,9002,Romania,https.txt
84.239.49.197,9002,Romania,https.txt
84.239.49.208,9002,Romania,https.txt
84.239.49.212,9002,Romania,https.txt
84.239.49.215,9002,Romania,https.txt
84.239.49.241,9002,Romania,https.txt
156.146.59.24,9002,United States,https.txt
156.146.59.30,9002,United States,https.txt
156.146.59.38,9002,United States,https.txt
156.146.59.43,9002,United States,https.txt
156.146.59.45,9002,United States,https.txt
156.146.59.47,9002,United States,https.txt
51.158.252.252,443,France,https.txt
134.209.89.168,8888,The Netherlands,https.txt
51.158.253.114,443,France,https.txt
188.166.89.178,8888,The Netherlands,https.txt
188.166.89.62,8888,The Netherlands,https.txt
51.158.252.160,443,France,https.txt
51.158.253.128,443,France,https.txt
212.118.37.238,143,The Netherlands,https.txt
51.158.253.154,443,France,https.txt
75.132.249.74,443,United States,https.txt
64.38.135.183,443,United States,https.txt
45.76.3.118,8888,United States,https.txt
45.76.3.45,8888,United States,https.txt
51.158.253.45,443,France,https.txt
51.158.253.77,443,France,https.txt
51.158.253.78,443,France,https.txt
141.94.246.168,443,France,https.txt
47.243.181.85,8080,Hong Kong,https.txt
147.182.242.114,8888,United States,https.txt
147.182.252.115,8888,United States,https.txt
49.12.189.119,8443,Germany,https.txt
138.199.35.210,9002,United States,https.txt
138.199.36.160,9002,Germany,https.txt
65.49.2.84,10010,United States,https.txt
128.199.195.19,8888,Singapore,https.txt
201.238.248.135,443,Chile,https.txt
87.249.132.158,9002,Germany,https.txt
65.49.2.84,49506,United States,https.txt
148.233.136.213,443,Mexico,https.txt
64.62.219.84,60151,United States,https.txt
65.49.14.154,47538,United States,https.txt
64.62.219.84,60989,United States,https.txt
65.49.68.84,20001,United States,https.txt
65.49.14.154,13858,United States,https.txt
65.49.68.84,11716,United States,https.txt
103.235.67.130,443,Indonesia,https.txt
47.243.181.85,8084,United States,https.txt
65.49.2.84,25565,United States,https.txt
65.49.2.84,63504,United States,https.txt
47.243.181.85,8081,Taiwan,https.txt
65.49.14.154,17325,United States,https.txt
47.243.181.85,41296,Taiwan,https.txt
65.49.2.84,34255,United States,https.txt
65.49.14.154,20040,United States,https.txt
65.49.68.84,48313,United States,https.txt
65.49.68.84,22900,United States,https.txt
65.49.68.84,50005,United States,https.txt
65.49.68.84,21190,United States,https.txt
65.49.14.154,13922,United States,https.txt
103.148.245.155,7777,Hong Kong,https.txt
65.49.14.154,31223,United States,https.txt
64.62.219.84,20576,United States,https.txt
62.210.15.199,443,France,https.txt
64.62.219.84,45644,United States,https.txt
65.49.68.84,38683,United States,https.txt
65.49.14.154,38876,United States,https.txt
64.62.219.84,48344,United States,https.txt
65.49.68.84,33810,United States,https.txt
47.243.181.85,41414,Japan,https.txt
64.62.219.84,48031,United States,https.txt
152.230.215.123,443,Chile,https.txt
64.62.219.84,15942,United States,https.txt
65.49.2.84,11926,United States,https.txt
65.49.2.84,24390,United States,https.txt
65.49.68.84,28531,United States,https.txt
65.49.2.84,19288,United States,https.txt
65.49.14.154,26017,United States,https.txt
65.49.14.154,48034,United States,https.txt
65.49.2.84,37792,United States,https.txt
64.62.219.84,61223,United States,https.txt
65.49.68.84,20570,United States,https.txt
65.49.14.154,35272,United States,https.txt
143.110.229.181,8888,United States,https.txt
65.49.68.84,52897,United States,https.txt
65.49.68.84,45129,United States,https.txt
65.49.2.84,50084,United States,https.txt
64.62.219.84,40213,United States,https.txt
65.49.68.84,53660,United States,https.txt
65.49.68.84,61051,United States,https.txt
65.49.2.84,40098,United States,https.txt
65.49.68.84,14552,United States,https.txt
64.62.219.84,38285,United States,https.txt
65.49.2.84,53050,United States,https.txt
65.49.68.84,26789,United States,https.txt
64.62.219.84,12121,United States,https.txt
64.62.219.84,56114,United States,https.txt
64.62.219.84,31955,United States,https.txt
47.243.181.85,41393,Japan,https.txt
65.49.2.84,11034,United States,https.txt
103.241.129.229,8443,Japan,https.txt
103.241.129.2,8443,Japan,https.txt
103.241.129.9,8443,Japan,https.txt
103.241.129.19,8443,Japan,https.txt
103.241.129.24,8443,Japan,https.txt
103.241.129.26,8443,Japan,https.txt
103.241.129.183,8443,Japan,https.txt
103.241.129.190,8443,Japan,https.txt
103.241.129.191,8443,Japan,https.txt
103.241.129.195,8443,Japan,https.txt
103.241.129.214,8443,Japan,https.txt
103.241.129.239,8443,Japan,https.txt
103.241.129.240,8443,Japan,https.txt
103.241.129.247,8443,Japan,https.txt
103.241.129.251,8443,Japan,https.txt
103.241.129.254,8443,Japan,https.txt
103.241.130.0,8443,Japan,https.txt
103.241.130.3,8443,Japan,https.txt
65.49.14.154,12573,United States,https.txt
65.49.68.84,21700,United States,https.txt
64.62.219.84,58801,United States,https.txt
65.49.68.84,39444,United States,https.txt
65.49.14.154,21147,United States,https.txt
103.241.129.15,8443,Japan,https.txt
103.241.129.29,8443,Japan,https.txt
103.241.129.179,8443,Japan,https.txt
103.241.129.180,8443,Japan,https.txt
103.241.129.185,8443,Japan,https.txt
103.241.129.192,8443,Japan,https.txt
103.241.129.200,8443,Japan,https.txt
103.241.129.205,8443,Japan,https.txt
103.241.129.215,8443,Japan,https.txt
103.241.129.223,8443,Japan,https.txt
103.241.129.230,8443,Japan,https.txt
103.241.129.235,8443,Japan,https.txt
103.241.129.241,8443,Japan,https.txt
103.241.129.248,8443,Japan,https.txt
103.241.128.136,8443,Japan,https.txt
64.62.219.84,53419,United States,https.txt
65.49.2.84,42317,United States,https.txt
65.49.2.84,60616,United States,https.txt
103.241.129.210,8443,Japan,https.txt
103.241.129.216,8443,Japan,https.txt
65.49.14.154,47488,United States,https.txt
143.107.205.72,443,Brazil,https.txt
65.49.14.154,28503,United States,https.txt
51.210.148.119,443,France,https.txt
209.38.148.139,8888,United States,https.txt
65.49.14.154,30974,United States,https.txt
137.184.224.125,8888,United States,https.txt
47.243.181.85,41797,Brazil,https.txt
65.49.68.84,36637,United States,https.txt
65.49.68.84,58559,United States,https.txt
65.49.2.84,41491,United States,https.txt
65.49.2.84,57729,United States,https.txt
65.49.2.84,38057,United States,https.txt
65.49.68.84,58977,United States,https.txt
123.31.29.158,443,Vietnam,https.txt
64.62.219.84,40029,United States,https.txt
64.62.219.84,46389,United States,https.txt
64.62.219.84,60807,United States,https.txt
205.178.136.57,8447,United States,https.txt
64.62.219.84,30090,United States,https.txt
64.62.219.84,11979,United States,https.txt
65.49.14.154,64623,United States,https.txt
65.49.2.84,11211,United States,https.txt
65.49.14.154,16329,United States,https.txt
65.49.68.84,35053,United States,https.txt
65.49.2.84,49303,United States,https.txt
212.58.135.10,8443,United States,https.txt
212.58.132.189,8443,United States,https.txt
212.58.132.188,8443,United States,https.txt
64.62.219.84,60033,United States,https.txt
65.49.68.84,40137,United States,https.txt
65.49.14.154,30527,United States,https.txt
65.49.2.84,60492,United States,https.txt
64.62.219.84,10743,United States,https.txt
65.49.2.84,44350,United States,https.txt
64.62.219.84,37907,United States,https.txt
104.129.194.46,11711,United States,https.txt
165.225.113.220,11741,Singapore,https.txt
65.49.68.84,42937,United States,https.txt
168.205.255.238,443,Brazil,https.txt
65.49.2.84,48661,United States,https.txt
65.49.2.84,49483,United States,https.txt
64.62.219.84,24956,United States,https.txt
65.49.68.84,50089,United States,https.txt
65.49.2.84,48893,United States,https.txt
65.49.2.84,22389,United States,https.txt
64.62.219.84,48227,United States,https.txt
65.49.2.84,34529,United States,https.txt
65.49.68.84,11157,United States,https.txt
34.81.72.31,443,Taiwan,https.txt
85.214.107.177,443,Germany,https.txt
47.238.192.103,8888,Hong Kong,https.txt
145.239.196.123,443,France,https.txt
65.49.68.84,22687,United States,https.txt
207.180.254.198,443,Germany,https.txt
64.181.235.123,3128,United States,https.txt
65.49.68.84,11686,United States,https.txt
65.49.68.84,29913,United States,https.txt
65.49.68.84,24597,United States,https.txt
65.109.202.138,8443,Finland,https.txt
65.49.14.154,25582,United States,https.txt
65.109.40.163,8443,Finland,https.txt
23.106.56.43,19881,United Kingdom,https.txt
65.49.14.154,15920,United States,https.txt
65.49.14.154,21940,United States,https.txt
65.49.2.84,56252,United States,https.txt
167.235.198.62,443,Germany,https.txt
65.49.14.154,23167,United States,https.txt
65.49.14.154,46631,United States,https.txt
64.62.219.84,60883,United States,https.txt
65.49.2.84,14478,United States,https.txt
64.62.219.84,49023,United States,https.txt
65.49.14.154,64239,United States,https.txt
205.178.186.23,8443,United States,https.txt
65.49.68.84,22370,United States,https.txt
65.49.2.84,50644,United States,https.txt
65.49.68.84,40224,United States,https.txt
65.49.2.84,26829,United States,https.txt
47.243.181.85,52115,Taiwan,https.txt
65.49.14.154,14127,United States,https.txt
65.49.14.154,18775,United States,https.txt
65.49.14.154,49656,United States,https.txt
64.62.219.84,42563,United States,https.txt
64.62.219.84,22433,United States,https.txt
64.62.219.84,55298,United States,https.txt
65.49.14.154,27192,United States,https.txt
65.49.14.154,38913,United States,https.txt
64.62.219.84,40363,United States,https.txt
65.49.68.84,63935,United States,https.txt
65.109.202.138,1080,Finland,https.txt
65.49.14.154,43982,United States,https.txt
65.49.14.154,63548,United States,https.txt
65.49.14.154,49036,United States,https.txt
65.49.14.154,42181,United States,https.txt
65.49.14.154,40049,United States,https.txt
65.49.14.154,53484,United States,https.txt
65.49.68.84,14312,United States,https.txt
65.49.68.84,20938,United States,https.txt
65.49.2.84,12308,United States,https.txt
64.62.219.84,39130,United States,https.txt
65.49.14.154,38609,United States,https.txt
64.62.219.84,25409,United States,https.txt
65.49.14.154,44570,United States,https.txt
64.62.219.84,42548,United States,https.txt
65.49.2.84,31694,United States,https.txt
65.49.2.84,40937,United States,https.txt
64.62.219.84,28957,United States,https.txt
65.49.14.154,44727,United States,https.txt
65.49.2.84,54019,United States,https.txt
65.49.14.154,33738,United States,https.txt
65.49.68.84,38543,United States,https.txt
65.49.2.84,53292,United States,https.txt
65.49.68.84,39730,United States,https.txt
65.49.14.154,57443,United States,https.txt
64.62.219.84,35930,United States,https.txt
47.243.181.85,8083,Singapore,https.txt
51.161.79.152,8888,Canada,https.txt
64.62.219.84,56459,United States,https.txt
85.10.199.48,443,Germany,https.txt
196.1.93.16,443,Senegal,https.txt
65.49.68.84,61755,United States,https.txt
65.49.14.154,35739,United States,https.txt
94.23.9.170,443,France,https.txt
65.109.202.138,1081,Finland,https.txt
65.49.2.84,53735,United States,https.txt
64.62.219.84,40738,United States,https.txt
65.49.2.84,10032,United States,https.txt
51.159.225.129,8118,France,https.txt
187.217.194.178,443,Mexico,https.txt
64.62.219.84,10490,United States,https.txt
47.243.181.85,41795,Brazil,https.txt
65.49.68.84,48011,United States,https.txt
65.49.14.154,43449,United States,https.txt
187.217.194.178,86,Mexico,https.txt
65.49.14.154,29922,United States,https.txt
65.49.68.84,40357,United States,https.txt
65.49.68.84,43265,United States,https.txt
64.62.219.84,24773,United States,https.txt
65.49.14.154,20000,United States,https.txt
65.49.14.154,46181,United States,https.txt
65.49.68.84,62789,United States,https.txt
65.49.14.154,35015,United States,https.txt
87.255.196.143,443,Kazakhstan,https.txt
65.49.68.84,11172,United States,https.txt
65.49.14.154,33339,United States,https.txt
65.49.2.84,29715,United States,https.txt
186.65.109.21,443,Argentina,https.txt
65.49.2.84,27398,United States,https.txt
5.196.111.145,443,France,https.txt
205.178.137.2,8447,United States,https.txt
64.23.234.144,8888,United States,https.txt
65.49.14.154,24132,United States,https.txt
65.49.14.154,61667,United States,https.txt
65.49.2.84,34431,United States,https.txt
47.243.181.85,41290,Taiwan,https.txt
205.178.136.158,8447,United States,https.txt
65.49.2.84,10942,United States,https.txt
65.49.14.154,27538,United States,https.txt
65.49.14.154,21153,United States,https.txt
65.49.2.84,49328,United States,https.txt
205.178.137.140,8443,United States,https.txt
212.83.168.126,8081,France,https.txt
51.159.226.157,443,France,https.txt
51.159.226.159,443,France,https.txt
51.159.226.153,443,France,https.txt
51.159.226.154,443,France,https.txt
47.243.181.85,41406,Japan,https.txt
64.62.219.84,25566,United States,https.txt
205.178.137.217,8447,United States,https.txt
51.159.226.151,443,France,https.txt
51.159.226.150,443,France,https.txt
51.159.226.155,443,France,https.txt
51.159.226.149,443,France,https.txt
51.159.226.156,443,France,https.txt
51.159.226.162,443,France,https.txt
51.159.226.128,443,France,https.txt
51.159.226.160,443,France,https.txt
51.159.226.158,443,France,https.txt
206.188.212.116,8443,United States,https.txt
51.159.226.161,443,France,https.txt
205.178.137.170,8447,United States,https.txt
51.159.226.152,443,France,https.txt
65.49.2.84,41012,United States,https.txt
65.49.2.84,55720,United States,https.txt
47.243.181.85,55009,Taiwan,https.txt
64.62.219.84,41615,United States,https.txt
65.49.2.84,18944,United States,https.txt
64.62.219.84,41422,United States,https.txt
65.49.2.84,19480,United States,https.txt
205.178.137.101,8443,United States,https.txt
205.178.186.213,8447,United States,https.txt
205.178.186.237,8443,United States,https.txt
205.178.144.114,8447,United States,https.txt
64.62.219.84,36597,United States,https.txt
205.178.144.209,8443,United States,https.txt
205.178.144.105,8447,United States,https.txt
205.178.186.112,8443,United States,https.txt
64.62.219.84,61455,United States,https.txt
65.49.2.84,36029,United States,https.txt
65.49.14.154,25607,United States,https.txt
65.49.2.84,53105,United States,https.txt
47.243.181.85,52111,Taiwan,https.txt
64.62.219.84,61415,United States,https.txt
65.49.68.84,51172,United States,https.txt
47.243.181.85,41318,Taiwan,https.txt
65.49.2.84,19060,United States,https.txt
122.99.125.85,443,India,https.txt
65.49.14.154,38150,United States,https.txt
34.204.121.255,443,United States,https.txt
51.158.202.56,443,The Netherlands,https.txt
51.159.226.129,443,France,https.txt
65.49.14.154,18712,United States,https.txt
65.49.2.84,29927,United States,https.txt
65.49.14.154,40643,United States,https.txt
51.158.253.130,14991,France,https.txt
65.49.68.84,38761,United States,https.txt
51.159.225.194,23767,France,https.txt
65.49.68.84,10479,United States,https.txt
65.49.68.84,50647,United States,https.txt
65.49.14.154,57961,United States,https.txt
65.49.14.154,34199,United States,https.txt
65.49.2.84,10548,United States,https.txt
51.158.204.131,23767,France,https.txt
64.62.219.84,35122,United States,https.txt
64.62.219.84,29203,United States,https.txt
174.138.54.65,443,United States,https.txt
65.49.2.84,15830,United States,https.txt
65.49.14.154,50384,United States,https.txt
65.49.2.84,12012,United States,https.txt
65.49.68.84,29604,United States,https.txt
195.231.69.203,443,Italy,https.txt
64.62.219.84,23642,United States,https.txt
51.158.253.45,7901,France,https.txt
205.178.144.64,8443,United States,https.txt
206.188.212.196,8443,United States,https.txt
65.49.14.154,26453,United States,https.txt
47.242.121.18,8443,Hong Kong,https.txt
47.243.181.85,50123,Taiwan,https.txt
65.49.2.84,48471,United States,https.txt
205.178.144.226,8443,United States,https.txt
51.158.253.115,17401,France,https.txt
205.178.137.27,8443,United States,https.txt
47.243.181.85,41689,United States,https.txt
47.243.181.85,41316,Taiwan,https.txt
205.178.144.157,8443,United States,https.txt
65.49.2.84,12851,United States,https.txt
205.178.136.154,8443,United States,https.txt
51.159.221.14,18333,France,https.txt
65.49.14.154,22296,United States,https.txt
103.123.25.65,443,Indonesia,https.txt
65.49.14.154,56447,United States,https.txt
65.49.14.154,26107,United States,https.txt
64.62.219.84,20458,United States,https.txt
23.94.251.185,3128,United States,https.txt
47.240.86.21,3128,Hong Kong,https.txt
65.49.2.84,15902,United States,https.txt
65.49.68.84,62587,United States,https.txt
65.49.14.154,48849,United States,https.txt
64.62.219.84,23543,United States,https.txt
51.159.226.154,17401,France,https.txt
64.62.219.84,59037,United States,https.txt
65.49.2.84,18452,United States,https.txt
65.49.68.84,40029,United States,https.txt
72.144.125.232,1080,United States,https.txt
65.49.14.154,55190,United States,https.txt
65.49.14.154,16763,United States,https.txt
64.62.219.84,55818,United States,https.txt
65.49.14.154,42986,United States,https.txt
205.178.144.230,8447,United States,https.txt
13.115.245.84,3128,Japan,https.txt
65.49.2.84,27786,United States,https.txt
205.178.137.145,8447,United States,https.txt
47.243.181.85,41412,Ukraine,https.txt
107.151.200.161,8089,Hong Kong,https.txt
179.41.8.151,443,Argentina,https.txt
47.241.70.64,8888,Singapore,https.txt
65.49.2.84,10397,United States,https.txt
65.49.68.84,30026,United States,https.txt
185.53.129.141,9090,The Netherlands,https.txt
65.49.14.154,12672,United States,https.txt
51.158.202.102,8118,France,https.txt
64.62.219.84,34400,United States,https.txt
102.217.69.117,3129,Egypt,https.txt
65.49.14.154,57197,United States,https.txt
65.49.2.84,45552,United States,https.txt
51.159.225.202,8118,France,https.txt
184.181.217.206,4145,United States,socks5.txt
184.181.217.213,4145,United States,socks5.txt
184.181.217.220,4145,United States,socks5.txt
192.111.129.145,16894,Canada,socks5.txt
192.111.139.163,19404,Canada,socks5.txt
98.178.72.21,10919,United States,socks5.txt
72.195.34.60,27391,United States,socks5.txt
184.178.172.25,15291,United States,socks5.txt
184.178.172.18,15280,United States,socks5.txt
184.178.172.13,15311,United States,socks5.txt
187.188.169.169,59329,Mexico,socks5.txt
119.148.39.241,9990,Bangladesh,socks5.txt
72.214.108.67,4145,United States,socks5.txt
82.223.165.28,42281,Spain,socks5.txt
82.223.165.28,18356,Spain,socks5.txt
172.104.209.44,1080,United States,socks5.txt
82.223.165.28,62284,Spain,socks5.txt
184.95.220.42,1080,Canada,socks5.txt
68.71.249.153,48606,United States,socks5.txt
51.210.111.216,39811,France,socks5.txt
51.210.111.216,62160,France,socks5.txt
51.210.111.216,60686,France,socks5.txt
51.210.111.216,43311,France,socks5.txt
51.210.111.216,16466,France,socks5.txt
82.223.165.28,64094,Spain,socks5.txt
212.237.125.216,6969,Iraq,socks5.txt
46.105.105.223,21130,France,socks5.txt
51.210.111.216,22302,France,socks5.txt
98.152.200.61,8081,United States,socks5.txt
46.105.105.223,4498,France,socks5.txt
46.105.105.223,64464,France,socks5.txt
161.49.176.173,1338,Philippines,socks5.txt
147.45.170.65,1080,The Netherlands,socks5.txt
172.105.193.238,1080,Japan,socks5.txt
51.75.126.150,8177,France,socks5.txt
46.105.105.223,16480,France,socks5.txt
121.1.146.139,9001,Japan,socks5.txt
91.121.173.38,23881,France,socks5.txt
209.141.45.119,56666,United States,socks5.txt
46.147.65.44,61986,Russia,socks5.txt
82.223.165.28,39998,Spain,socks5.txt
82.223.165.28,4836,Spain,socks5.txt
46.105.105.223,34570,France,socks5.txt
167.71.220.29,7497,Singapore,socks5.txt
178.33.77.209,10880,France,socks5.txt
5.183.70.46,1080,Russia,socks5.txt
172.233.254.134,1080,France,socks5.txt
46.0.205.8,1080,Russia,socks5.txt
103.189.218.76,6969,Bangladesh,socks5.txt
103.189.218.83,6969,Bangladesh,socks5.txt
109.123.254.43,58211,Germany,socks5.txt
84.17.27.253,9105,Russia,socks5.txt
172.105.58.227,1080,India,socks5.txt
31.129.147.102,1080,Russia,socks5.txt
170.187.145.238,1080,United States,socks5.txt
45.140.143.77,18080,The Netherlands,socks5.txt
45.115.114.57,9090,Bangladesh,socks5.txt
82.223.165.28,44765,Spain,socks5.txt
143.110.190.60,1080,India,socks5.txt
194.195.122.51,1080,Australia,socks5.txt
103.189.218.158,1080,Bangladesh,socks5.txt
178.33.162.89,51156,Spain,socks5.txt
172.232.236.34,1080,Indonesia,socks5.txt
178.33.162.89,56922,Spain,socks5.txt
82.223.165.28,46137,Spain,socks5.txt
183.80.54.224,1080,Vietnam,socks5.txt
213.184.242.144,1337,Belarus,socks5.txt
172.234.67.180,1080,United States,socks5.txt
159.65.128.194,1080,Singapore,socks5.txt
89.232.195.104,1080,Russia,socks5.txt
45.55.175.51,46202,United States,socks5.txt
123.136.24.161,1080,Bangladesh,socks5.txt
212.46.198.230,1080,Russia,socks5.txt
79.120.9.143,7777,Russia,socks5.txt
178.46.153.228,1080,Russia,socks5.txt
83.69.109.106,1080,Russia,socks5.txt
8.210.89.96,1080,Hong Kong,socks5.txt
62.171.171.209,40831,Germany,socks5.txt
178.44.118.116,1080,Russia,socks5.txt
159.138.157.44,8080,Hong Kong,socks5.txt
161.35.82.57,1080,The Netherlands,socks5.txt
188.235.139.93,1080,Russia,socks5.txt
181.214.136.115,1080,Japan,socks5.txt
185.93.89.183,4383,Vietnam,socks5.txt
185.93.89.143,4825,United States,socks5.txt
94.73.250.1,3128,Russia,socks5.txt
185.93.89.144,5745,United States,socks5.txt
47.236.224.32,8081,Singapore,socks5.txt
185.93.89.159,12845,France,socks5.txt
185.93.89.145,4181,United Kingdom,socks5.txt
68.183.211.118,1234,Germany,socks5.txt
45.12.150.82,1080,United States,socks5.txt
185.93.89.149,5063,Hong Kong,socks5.txt
173.212.239.181,10661,Russia,socks5.txt
185.93.89.190,21684,Vietnam,socks5.txt
185.93.89.143,5539,Ireland,socks5.txt
47.238.161.91,8888,Hong Kong,socks5.txt
57.129.81.201,1080,France,socks5.txt
185.93.89.166,4031,India,socks5.txt
185.93.89.145,11155,Vietnam,socks5.txt
185.93.89.145,7169,France,socks5.txt
45.91.92.45,19686,Brazil,socks5.txt
185.93.89.171,5855,Hungary,socks5.txt
185.93.89.146,5168,United States,socks5.txt
173.212.239.181,42141,Latvia,socks5.txt
185.93.89.158,4186,Vietnam,socks5.txt
173.212.239.181,31337,Thailand,socks5.txt
173.212.239.181,53471,Zambia,socks5.txt
111.180.146.236,1080,China,socks5.txt
173.212.239.181,36815,Slovakia,socks5.txt
173.212.239.181,46753,Azerbaijan,socks5.txt
185.93.89.147,4931,United States,socks5.txt
173.212.239.181,48574,India,socks5.txt
185.93.89.144,5487,France,socks5.txt
185.93.89.187,10303,Hong Kong,socks5.txt
173.212.239.181,17617,Senegal,socks5.txt
173.212.239.181,50160,India,socks5.txt
173.212.239.181,20015,Belgium,socks5.txt
173.212.239.181,22520,Sri Lanka,socks5.txt
173.212.239.181,32033,Namibia,socks5.txt
185.93.89.162,8232,Ireland,socks5.txt
173.212.239.181,22753,Syria,socks5.txt
78.129.138.107,1080,United Kingdom,socks5.txt
173.212.239.181,49979,Mexico,socks5.txt
185.93.89.169,15364,Jordan,socks5.txt
173.212.239.181,23219,Brunei,socks5.txt
182.184.33.34,1524,Pakistan,socks5.txt
185.93.89.145,12831,United States,socks5.txt
173.212.239.181,40513,Australia,socks5.txt
185.93.89.169,13328,United States,socks5.txt
185.93.89.156,4296,Thailand,socks5.txt
45.78.215.88,20000,Canada,socks5.txt
185.93.89.145,6721,Jordan,socks5.txt
185.93.89.162,4127,Singapore,socks5.txt
185.93.89.146,4148,France,socks5.txt
173.212.239.181,21325,Somalia,socks5.txt
173.212.239.181,32059,Nicaragua,socks5.txt
173.212.239.181,11867,Pakistan,socks5.txt
152.32.147.47,1080,Japan,socks5.txt
173.212.239.181,22068,Thailand,socks5.txt
185.93.89.145,4552,United States,socks5.txt
212.84.160.102,1080,United Kingdom,socks5.txt
173.212.239.181,43699,Panama,socks5.txt
37.18.73.60,5566,United States,socks5.txt
173.212.239.181,35068,The Netherlands,socks5.txt
173.212.239.181,52686,Iraq,socks5.txt
173.212.239.181,28129,Czechia,socks5.txt
173.212.239.181,41026,Burkina Faso,socks5.txt
173.212.239.181,48440,Bosnia and Herzegovina,socks5.txt
173.212.239.181,44942,Cayman Islands,socks5.txt
185.93.89.143,4453,Jordan,socks5.txt
185.93.89.155,4362,France,socks5.txt
185.93.89.145,4566,France,socks5.txt
185.93.89.155,4325,Germany,socks5.txt
185.93.89.151,9635,India,socks5.txt
185.93.89.146,4048,Iran,socks5.txt
185.93.89.163,4252,Germany,socks5.txt
185.93.89.146,4078,Canada,socks5.txt
185.93.89.145,4748,France,socks5.txt
185.93.89.145,4933,United States,socks5.txt
185.93.89.187,5713,United States,socks5.txt
185.93.89.144,10862,France,socks5.txt
185.93.89.158,4302,Vietnam,socks5.txt
185.93.89.152,25043,United States,socks5.txt
185.93.89.169,5482,India,socks5.txt
185.93.89.169,4117,United States,socks5.txt
185.93.89.166,4336,United States,socks5.txt
45.91.92.45,29927,Brazil,socks5.txt
173.212.239.181,17947,Algeria,socks5.txt
185.93.89.169,4442,Vietnam,socks5.txt
173.212.239.181,50001,Malaysia,socks5.txt
185.93.89.169,7443,United States,socks5.txt
185.93.89.146,5794,United States,socks5.txt
185.93.89.143,4300,Russia,socks5.txt
185.93.89.145,6553,United States,socks5.txt
5.75.199.188,1080,Germany,socks5.txt
173.212.239.181,53517,Oman,socks5.txt
173.212.239.181,56457,Cura�ao,socks5.txt
185.93.89.143,8307,United Kingdom,socks5.txt
185.93.89.152,18617,United States,socks5.txt
185.93.89.145,4953,Germany,socks5.txt
185.93.89.172,15110,United States,socks5.txt
185.93.89.150,17089,Pakistan,socks5.txt
185.93.89.157,4118,France,socks5.txt
185.93.89.168,4031,Germany,socks5.txt
173.212.239.181,12321,Bermuda,socks5.txt
185.93.89.168,5314,India,socks5.txt
173.212.239.181,41448,Bahrain,socks5.txt
185.93.89.143,23780,Russia,socks5.txt
185.93.89.189,4112,Vietnam,socks5.txt
185.93.89.190,4079,Iran,socks5.txt
185.93.89.147,4648,United States,socks5.txt
185.93.89.169,21379,United States,socks5.txt
92.222.35.228,1080,France,socks5.txt
185.93.89.145,6080,Singapore,socks5.txt
185.93.89.147,16546,United States,socks5.txt
173.212.239.181,41391,Indonesia,socks5.txt
185.93.89.168,4649,United States,socks5.txt
185.93.89.156,4689,United States,socks5.txt
205.209.113.242,1080,United States,socks5.txt
185.93.89.166,5969,France,socks5.txt
185.93.89.158,18743,United States,socks5.txt
185.93.89.180,23274,Germany,socks5.txt
185.93.89.151,15154,Cambodia,socks5.txt
185.93.89.163,4695,France,socks5.txt
185.93.89.169,4217,United States,socks5.txt
45.146.130.23,4608,United States,socks5.txt
185.93.89.169,24738,United States,socks5.txt
185.93.89.144,4677,France,socks5.txt
173.212.239.181,15449,Mexico,socks5.txt
173.212.239.181,28251,Maldives,socks5.txt
185.93.89.159,6798,France,socks5.txt
173.212.239.181,53413,Palestine,socks5.txt
185.93.89.145,23483,Russia,socks5.txt
185.93.89.155,13889,United States,socks5.txt
185.93.89.157,4819,Italy,socks5.txt
185.93.89.149,7381,Singapore,socks5.txt
185.93.89.151,4409,Thailand,socks5.txt
185.93.89.176,18677,Pakistan,socks5.txt
185.93.89.143,4051,Iran,socks5.txt
185.93.89.169,17760,United States,socks5.txt
185.93.89.158,6771,Russia,socks5.txt
185.93.89.150,18813,India,socks5.txt
173.212.239.181,41905,Ethiopia,socks5.txt
185.93.89.158,22720,Chile,socks5.txt
45.91.92.45,16894,Brazil,socks5.txt
185.93.89.152,7406,France,socks5.txt
185.93.89.145,4211,Singapore,socks5.txt
173.212.239.181,24663,Azerbaijan,socks5.txt
173.212.239.181,10635,Gabon,socks5.txt
173.212.239.181,43470,Qatar,socks5.txt
173.212.239.181,29963,Mexico,socks5.txt
173.212.239.181,25043,Hungary,socks5.txt
173.212.239.181,17629,Colombia,socks5.txt
173.212.239.181,55443,India,socks5.txt
185.93.89.190,24746,United States,socks5.txt
173.212.239.181,33333,Morocco,socks5.txt
185.93.89.170,4070,India,socks5.txt
185.93.89.171,11716,Pakistan,socks5.txt
173.212.239.181,15640,Qatar,socks5.txt
173.212.239.181,42102,Georgia,socks5.txt
173.212.239.181,45304,Azerbaijan,socks5.txt
185.93.89.145,16244,Rwanda,socks5.txt
185.93.89.152,4266,France,socks5.txt
185.93.89.150,5829,Vietnam,socks5.txt
185.93.89.143,9834,United States,socks5.txt
185.93.89.169,6461,India,socks5.txt
185.93.89.168,4336,Germany,socks5.txt
173.212.239.181,30237,Iraq,socks5.txt
157.20.82.40,1080,Vietnam,socks5.txt
185.93.89.147,12705,Singapore,socks5.txt
185.93.89.151,5575,China,socks5.txt
185.93.89.146,5457,United Kingdom,socks5.txt
173.212.239.181,58081,Bahamas,socks5.txt
185.93.89.144,5719,United States,socks5.txt
173.212.239.181,21023,Bulgaria,socks5.txt
185.93.89.159,4181,Thailand,socks5.txt
185.93.89.146,4922,Germany,socks5.txt
185.93.89.183,16752,United States,socks5.txt
185.93.89.146,21493,Canada,socks5.txt
185.93.89.152,28618,Vietnam,socks5.txt
185.93.89.144,14393,United States,socks5.txt
173.212.239.181,40421,United States,socks5.txt
173.212.239.181,52111,Qatar,socks5.txt
185.93.89.150,5634,Hong Kong,socks5.txt
185.93.89.166,7808,France,socks5.txt
185.93.89.157,4211,Hong Kong,socks5.txt
45.146.130.36,20278,United Kingdom,socks5.txt
185.93.89.151,17677,United States,socks5.txt
185.93.89.166,15337,India,socks5.txt
185.93.89.183,6423,Canada,socks5.txt
173.212.239.181,33019,Oman,socks5.txt
185.93.89.149,4288,China,socks5.txt
185.93.89.143,5246,Thailand,socks5.txt
78.29.52.207,1080,Russia,socks5.txt
185.93.89.171,29204,Ireland,socks5.txt
185.93.89.179,36228,Mongolia,socks5.txt
185.93.89.158,5338,Singapore,socks5.txt
173.212.239.181,57253,Estonia,socks5.txt
185.93.89.163,5325,United States,socks5.txt
45.146.130.19,21507,Indonesia,socks5.txt
185.93.89.158,6316,Canada,socks5.txt
173.212.239.181,54321,India,socks5.txt
185.93.89.146,6628,Canada,socks5.txt
173.212.239.181,18324,T�rkiye,socks5.txt
173.212.239.181,39375,Belgium,socks5.txt
185.93.89.187,6913,Canada,socks5.txt
185.93.89.146,4573,Jordan,socks5.txt
68.183.211.118,1202,Germany,socks5.txt
185.93.89.149,32183,France,socks5.txt
173.212.239.181,55134,Spain,socks5.txt
185.93.89.156,26006,United States,socks5.txt
173.212.239.181,44760,Palestine,socks5.txt
185.93.89.153,6442,South Korea,socks5.txt
185.93.89.171,24603,United States,socks5.txt
185.93.89.179,45959,Singapore,socks5.txt
185.93.89.143,4759,United States,socks5.txt
173.212.239.181,28132,Honduras,socks5.txt
173.212.239.181,16996,Australia,socks5.txt
185.93.89.170,23677,China,socks5.txt
185.93.89.145,16286,United States,socks5.txt
185.93.89.166,4064,Germany,socks5.txt
185.93.89.155,24738,India,socks5.txt
185.93.89.159,4116,Thailand,socks5.txt
173.212.239.181,25135,Cyprus,socks5.txt
185.93.89.155,21430,South Korea,socks5.txt
185.93.89.168,6204,France,socks5.txt
173.212.239.181,31749,Angola,socks5.txt
185.93.89.188,32883,India,socks5.txt
185.93.89.149,5302,Brazil,socks5.txt
185.93.89.159,31021,Pakistan,socks5.txt
185.93.89.143,5302,Jordan,socks5.txt
45.146.130.24,14667,Italy,socks5.txt
185.93.89.146,4842,United States,socks5.txt
185.93.89.143,4167,United Kingdom,socks5.txt
185.93.89.147,4763,United States,socks5.txt
173.212.239.181,22301,Jamaica,socks5.txt
173.212.239.181,17620,Kuwait,socks5.txt
185.93.89.149,16894,South Africa,socks5.txt
185.93.89.162,4147,Germany,socks5.txt
185.93.89.171,9191,Germany,socks5.txt
185.93.89.166,4256,Singapore,socks5.txt
89.58.45.94,40739,Italy,socks5.txt
185.93.89.157,8181,Canada,socks5.txt
185.93.89.150,8181,France,socks5.txt
185.93.89.153,10573,Germany,socks5.txt
185.93.89.166,4097,United States,socks5.txt
185.93.89.152,8203,United Kingdom,socks5.txt
88.198.212.91,3128,Germany,connect.txt
103.189.250.89,8090,Indonesia,connect.txt
36.94.232.177,3113,Indonesia,connect.txt
110.164.128.124,8080,Thailand,connect.txt
203.174.15.83,8080,Indonesia,connect.txt
45.70.202.161,999,Ecuador,connect.txt
128.199.253.195,9090,Singapore,connect.txt
94.43.164.242,8080,Georgia,connect.txt
103.242.104.195,8090,Indonesia,connect.txt
103.143.105.138,8080,Indonesia,connect.txt
103.226.232.205,8099,Indonesia,connect.txt
103.162.153.157,3030,Indonesia,connect.txt
209.14.98.6,8080,Colombia,connect.txt
103.99.136.38,8080,Indonesia,connect.txt
103.168.149.48,8181,Indonesia,connect.txt
200.37.252.122,8080,Peru,connect.txt
103.217.216.70,8080,Indonesia,connect.txt
203.111.253.146,8080,Indonesia,connect.txt
190.97.226.44,999,Venezuela,connect.txt
27.147.154.170,8088,Bangladesh,connect.txt
103.160.205.38,8181,Indonesia,connect.txt
38.199.30.195,999,Colombia,connect.txt
103.134.246.71,1111,Indonesia,connect.txt
103.99.136.66,8080,Indonesia,connect.txt
103.220.23.211,8080,Indonesia,connect.txt
201.159.20.177,999,Mexico,connect.txt
122.52.213.79,62102,Philippines,connect.txt
45.249.225.245,8080,Indonesia,connect.txt
157.20.253.194,1111,Indonesia,connect.txt
125.27.24.41,8080,Thailand,connect.txt
143.255.43.206,999,Mexico,connect.txt
103.104.142.161,8080,Bangladesh,connect.txt
128.199.113.85,9090,Singapore,connect.txt
152.42.170.187,9090,Singapore,connect.txt
65.182.3.154,8080,United States,connect.txt
128.199.121.61,9090,Singapore,connect.txt
103.105.55.243,8082,Indonesia,connect.txt
103.46.11.148,3000,Indonesia,connect.txt
160.20.38.18,8080,Indonesia,connect.txt
158.255.249.68,3128,Slovakia,connect.txt
103.191.254.2,8080,Indonesia,connect.txt
103.180.119.182,8082,Indonesia,connect.txt
38.224.223.248,9991,Mexico,connect.txt
216.122.181.210,999,Dominican Republic,connect.txt
103.247.21.233,8080,Indonesia,connect.txt
36.67.99.31,7023,Indonesia,connect.txt
186.96.50.113,999,Mexico,connect.txt
89.43.31.134,3128,T�rkiye,connect.txt
103.171.255.60,8080,Indonesia,connect.txt
38.183.146.143,8090,Indonesia,connect.txt
187.245.214.11,999,Mexico,connect.txt
38.44.243.32,999,Dominican Republic,connect.txt
103.126.87.112,1285,Indonesia,connect.txt
157.66.50.105,8181,Indonesia,connect.txt
177.234.217.82,999,Ecuador,connect.txt
170.80.242.154,999,Mexico,connect.txt
191.97.14.189,999,Colombia,connect.txt
202.43.122.156,1111,India,connect.txt
103.10.55.137,8664,Bangladesh,connect.txt
115.178.49.226,8080,Indonesia,connect.txt
103.175.202.178,8090,Indonesia,connect.txt
41.65.160.172,1976,Egypt,connect.txt
45.224.149.99,999,Ecuador,connect.txt
160.25.36.240,1111,Indonesia,connect.txt
159.69.57.20,8880,The Netherlands,connect.txt
186.101.251.197,8080,Ecuador,connect.txt
103.156.17.32,8818,Indonesia,connect.txt
103.156.17.39,8818,Indonesia,connect.txt
182.253.122.152,3127,Indonesia,connect.txt
38.65.172.2,999,Mexico,connect.txt
103.156.249.34,8080,Indonesia,connect.txt
123.108.66.139,8090,Indonesia,connect.txt
103.110.10.166,8181,Indonesia,connect.txt
190.61.45.71,999,Colombia,connect.txt
103.193.144.75,8081,Indonesia,connect.txt
190.123.83.137,999,Argentina,connect.txt
119.95.227.135,8082,Philippines,connect.txt
103.68.214.113,8787,Indonesia,connect.txt
103.162.141.85,8888,Indonesia,connect.txt
188.132.150.242,8080,T�rkiye,connect.txt
186.151.95.58,999,Guatemala,connect.txt
203.188.251.50,8080,Bangladesh,connect.txt
103.181.255.195,8080,Indonesia,connect.txt
149.86.142.60,8080,T�rkiye,connect.txt
131.196.115.147,999,Ecuador,connect.txt
103.118.175.42,8080,Singapore,connect.txt
157.100.56.13,8080,Ecuador,connect.txt
181.15.220.154,8080,Argentina,connect.txt
181.224.175.240,999,Ecuador,connect.txt
186.4.132.37,8080,Ecuador,connect.txt
80.94.229.155,8080,Belarus,connect.txt
103.155.167.25,1111,Indonesia,connect.txt
186.96.111.214,999,Colombia,connect.txt
104.248.243.244,3128,Germany,connect.txt
103.154.52.6,1111,Indonesia,connect.txt
122.3.35.216,8081,Philippines,connect.txt
103.154.118.245,8080,Indonesia,connect.txt
103.55.224.97,8181,Indonesia,connect.txt
103.137.110.42,8080,Indonesia,connect.txt
103.42.118.29,8080,Indonesia,connect.txt
210.87.125.146,8090,Indonesia,connect.txt
181.119.83.245,999,Colombia,connect.txt
138.59.10.112,999,Venezuela,connect.txt
103.97.140.48,8080,Indonesia,connect.txt
103.153.39.37,8083,Pakistan,connect.txt
38.65.175.68,3128,Mexico,connect.txt
45.81.144.238,8085,Iraq,connect.txt
94.131.105.69,5211,The Netherlands,connect.txt
123.25.234.143,8090,Vietnam,connect.txt
103.165.253.177,8080,Indonesia,connect.txt
107.161.9.167,8080,Canada,connect.txt
34.80.152.137,8866,Taiwan,connect.txt
161.34.66.94,4649,Japan,connect.txt
171.105.22.54,9909,China,connect.txt
103.66.47.34,8080,Indonesia,connect.txt
202.148.10.130,64321,Indonesia,connect.txt
103.156.248.14,8080,Indonesia,connect.txt
103.18.78.141,8082,Indonesia,connect.txt
45.168.236.54,3128,Mexico,connect.txt
197.44.247.35,3128,Egypt,connect.txt
181.78.74.172,999,Colombia,connect.txt
160.19.19.81,8080,Indonesia,connect.txt
103.152.140.182,8080,Indonesia,connect.txt
103.219.73.85,8080,Indonesia,connect.txt
179.97.120.93,3128,Brazil,connect.txt
196.3.170.241,3128,South Africa,connect.txt
223.207.90.208,8080,Thailand,connect.txt
160.25.8.2,8080,Bangladesh,connect.txt
103.190.62.225,1080,Indonesia,connect.txt
49.48.97.90,8080,Thailand,connect.txt
193.111.124.12,8080,Indonesia,connect.txt
102.68.128.212,8080,Libya,connect.txt
3.15.250.219,1080,The Netherlands,connect.txt
38.183.215.126,999,Venezuela,connect.txt
200.122.88.253,8080,Argentina,connect.txt
139.193.174.137,8080,Indonesia,connect.txt
18.141.90.171,80,Singapore,connect.txt
3.37.149.32,3128,Poland,connect.txt
103.131.19.27,8184,Indonesia,connect.txt
209.14.117.210,999,Colombia,connect.txt
103.76.108.168,8181,Indonesia,connect.txt
160.22.118.27,39023,Vietnam,connect.txt
47.79.121.83,1080,United States,connect.txt
103.217.224.137,1234,Indonesia,connect.txt
103.187.117.129,7777,Indonesia,connect.txt
65.2.11.52,38998,The Netherlands,connect.txt
103.133.61.251,8181,Indonesia,connect.txt
103.169.26.114,8080,Indonesia,connect.txt
117.2.48.206,8080,Vietnam,connect.txt
45.70.202.160,999,Ecuador,connect.txt
190.110.97.150,999,Chile,connect.txt
103.132.52.42,8080,Indonesia,connect.txt
170.81.171.189,8282,Brazil,connect.txt
67.43.236.18,12807,Guyana,connect.txt
200.39.138.30,8080,Chile,connect.txt
38.156.73.51,8080,T�rkiye,connect.txt
180.210.191.122,8080,Bangladesh,connect.txt
124.121.58.206,8080,Thailand,connect.txt
116.0.53.34,8080,Pakistan,connect.txt
38.252.213.63,999,Peru,connect.txt
122.152.49.42,8080,Bangladesh,connect.txt
52.1.84.116,3128,The Netherlands,connect.txt
3.109.62.30,50697,Ukraine,connect.txt
3.225.41.109,80,United States,connect.txt
35.177.23.165,20278,United States,connect.txt
54.245.220.196,53565,United States,connect.txt
16.171.242.247,8118,United States,connect.txt
124.107.71.252,8082,Philippines,connect.txt
186.31.197.103,8080,Colombia,connect.txt
193.43.149.72,8080,Syria,connect.txt
203.210.192.66,8080,Vietnam,connect.txt
78.128.51.140,8080,Bulgaria,connect.txt
189.112.143.132,8080,Brazil,connect.txt
16.26.99.184,40000,United States,connect.txt
13.212.216.15,49860,Germany,connect.txt
13.125.38.184,16571,United States,connect.txt
13.201.55.246,15640,United States,connect.txt
103.161.195.26,1080,Indonesia,connect.txt
52.56.248.120,8118,Iceland,connect.txt
16.171.242.247,6009,Denmark,connect.txt
13.40.85.163,5678,Germany,connect.txt
13.125.38.184,11926,United States,connect.txt
13.113.100.188,49864,The Netherlands,connect.txt
13.235.246.116,34930,Sweden,connect.txt
13.235.246.116,36471,The Netherlands,connect.txt
13.126.217.46,9366,United States,connect.txt
62.101.137.150,8080,Serbia,connect.txt
18.135.101.146,364,Germany,connect.txt
13.125.38.184,9098,United States,connect.txt
13.113.100.188,386,Sweden,connect.txt
3.12.74.184,188,Ukraine,connect.txt
13.233.84.118,10471,Ukraine,connect.txt
16.171.242.247,46001,United States,connect.txt
52.1.84.116,80,The Netherlands,connect.txt
16.26.99.184,11895,United States,connect.txt
16.26.99.184,399,United States,connect.txt
16.26.99.184,8118,United States,connect.txt
115.72.167.220,10006,Vietnam,connect.txt
16.26.99.184,17238,France,connect.txt
115.74.1.226,10006,Vietnam,connect.txt
16.26.99.184,23868,United States,connect.txt
16.26.99.184,32257,United States,connect.txt
13.235.246.116,8181,Sweden,connect.txt
18.132.36.51,8181,United States,connect.txt
35.154.216.140,20818,Canada,connect.txt
13.126.217.46,41456,Romania,connect.txt
35.154.216.140,19385,Romania,connect.txt
3.12.74.184,8080,Ukraine,connect.txt
3.15.250.219,3128,United States,connect.txt
115.74.2.81,10010,Vietnam,connect.txt
16.171.242.247,29963,Denmark,connect.txt
13.125.38.184,8181,The Netherlands,connect.txt
13.40.152.64,8181,Germany,connect.txt
13.113.100.188,8181,Germany,connect.txt
160.30.44.141,10003,Vietnam,connect.txt
115.74.2.81,10006,Vietnam,connect.txt
52.56.248.120,59,Sweden,connect.txt
13.126.217.46,8181,Germany,connect.txt
13.235.246.116,165,The Netherlands,connect.txt
